Workbook

Sheet Přehled
A1: TrainLoop – jak budeme vydělávat
A2: Shrnutí na jednu minutu. Detaily jsou na dalších listech.
A4: Co je v sešitu • Přehled: celý plán a výsledek na jedné stránce. • Ceník a konkurence: naše ceny v CZK, EUR a USD a srovnání s konkurencí. • Reklamy: kolik vydělají reklamy u uživatelů zdarma. • Výpočty a citlivost: výnos z předplatného a jak se mění podle konverze. To je hlavní část.
A6: 1. MVP – zatím bez peněz • První verze je jen digitální deník tréninků. • Nic se neplatí: žádné Plus, Pro, školy ani reklamy. • Cíl: získat uživatele a doladit základní funkce. Deník zůstane zdarma i potom.
A8: 2. Placená verze (v2) – všechno najednou • Páníček: základ zdarma, Plus za 99 Kč měsíčně. • Trenér: Pro 20 za 199 Kč, Pro+ za 399 Kč. Psí školy od 549 Kč. • Jsme o 60–80 % levnější než konkurence. Každý placený tarif má 30 dní zdarma. • Uživatelé zdarma vidí nenápadné reklamy, nikdy ne během tréninku.
A10: Výnos za měsíc (základ) | B10: 1 500 MAU | C10: 5 000 MAU | D10: 10 000 MAU | E10: 50 000 MAU
A11: Předplatné | B11: ='Výpočty a citlivost'!B25 -> 3740 | C11: ='Výpočty a citlivost'!C25 -> 13570 | D11: ='Výpočty a citlivost'!D25 -> 28210 | E11: ='Výpočty a citlivost'!E25 -> 141080
A12: Reklamy | B12: ='Výpočty a citlivost'!B26 -> 340 | C12: ='Výpočty a citlivost'!C26 -> 1550 | D12: ='Výpočty a citlivost'!D26 -> 4260 | E12: ='Výpočty a citlivost'!E26 -> 29240
A13: Celkem za měsíc | B13: ='Výpočty a citlivost'!B27 -> 4080 | C13: ='Výpočty a citlivost'!C27 -> 15120 | D13: ='Výpočty a citlivost'!D27 -> 32470 | E13: ='Výpočty a citlivost'!E27 -> 170320
A14: Celkem za rok | B14: ='Výpočty a citlivost'!B28 -> 48960 | C14: ='Výpočty a citlivost'!C28 -> 181440 | D14: ='Výpočty a citlivost'!D28 -> 389640 | E14: ='Výpočty a citlivost'!E28 -> 2043840
A16: 3. Co z toho plyne • Peníze přinese hlavně předplatné (přes 80 %). Reklamy jsou jen doplněk. • Klíčové číslo je, kolik páníčků si koupí Plus. Měřit ho od prvního dne v2. • Do 10 000 uživatelů jde nejvýš o desítky tisíc Kč měsíčně, ověříme si tím, že lidé platí. Byznys začíná kolem 50 000 uživatelů. • Čísla jsou odhad a přesně předpovědět nejdou. Slouží k rozhodování, ne jako slib.

Sheet Ceník a konkurence
A1: Ceník a konkurence
A2: Ceny jsou včetně DPH. Psí školy bez DPH.
A4: Jak ceník funguje • Páníček má základ zdarma. Za Plus zaplatí 99 Kč měsíčně, což je pod hranicí 100 Kč a zhruba třetina ceny konkurence. • Pro 20 a Pro+ jsou pro trenéry. Je to pro ně pracovní nástroj na klienty, proto můžou stát víc a pořád jsou výrazně levnější než konkurence. • Platí se podle počtu psů. Kdo přeroste limit, doplatí za psa, a od určité chvíle se mu vyplatí vyšší tarif. • Roční předplatné je o třetinu levnější než 12 měsíčních plateb. Každý placený tarif má 30 dní zdarma na vyzkoušení. • Ceny v EUR a USD odpovídají korunovým, proto výpočty v sešitu počítají jen v Kč.
A6: Tarif | B6: Pro koho | C6: CZK / měs. | D6: EUR / měs. | E6: USD / měs. | F6: CZK / rok | G6: Co obsahuje
A7: Zdarma | B7: Páníček | C7: 0 | D7: 0 | E7: 0 | F7: 0 | G7: 1 pes, 2 aktivní plány, deník tréninků, reklamy
A8: Plus | B8: Páníček | C8: 99 | D8: 3.99 | E8: 4.99 | F8: 790 | G8: 2 psi, neomezeně plánů, bez reklam, statistiky, sdílení s rodinou
A9: Další pes k Plus | B9: Páníček | C9: 29 | D9: 0.99 | E9: 0.99 | G9: za 3. a každého dalšího psa
A10: Pro 20 | B10: Trenér | C10: 199 | D10: 7.99 | E10: 8.99 | F10: 1990 | G10: až 20 psů klientů, +12 Kč za každého psa navíc
A11: Pro+ | B11: Trenér | C11: 399 | D11: 15.99 | E11: 17.99 | F11: 3990 | G11: až 60 psů klientů, +6 Kč za psa navíc, vlastní logo
A12: Škola S | B12: Psí škola | C12: 549 | D12: 21.99 | E12: 24.99 | G12: 3 trenéři, 60 psů
A13: Škola M | B13: Psí škola | C13: 1090 | D13: 43.99 | E13: 49.99 | G13: 8 trenérů, 180 psů
A14: Škola L | B14: Psí škola | C14: 1990 | D14: 79.99 | E14: 89.99 | G14: neomezeně trenérů, 450 psů
A17: Konkurence | B17: Pro koho | C17: USD / měs. | D17: ≈ CZK / měs. | G17: Zdroj
A18: Dogo | B18: Páníček | C18: 11.99 | D18: =C18*21 -> 251.79 | G18: Adapty, 2024
A19: Woofz | B19: Páníček | C19: 12.99 | D19: =C19*21 -> 272.79 | G19: App Store
A20: Puppr | B20: Páníček | C20: 13.99 | D20: =C20*21 -> 293.79 | G20: App Store
A21: Pupford Academy+ | B21: Páníček | C21: 9.99 | D21: =C21*21 -> 209.79 | G21: pupford.com
A22: PawChamp | B22: Páníček | C22: 40 | D22: =C22*21 -> 840 | G22: paw-champ.com
A23: Pawgress Pro | B23: Trenér | C23: 29 | D23: =C23*21 -> 609 | G23: Capterra
A24: Paw Partner | B24: Trenér | C24: 44.99 | D24: =C24*21 -> 944.79 | G24: Capterra
A25: HeelYeah | B25: Trenér | C25: 49 | D25: =C25*21 -> 1029 | G25: GetApp
A26: Gingr | B26: Trenér | C26: 95 | D26: =C26*21 -> 1995 | G26: Capterra
A28: Porovnání | C28: Konkurence (medián) | D28: TrainLoop | E28: Levnější o | G28: Co to znamená
A29: Páníček | B29: Plus | C29: =MEDIAN(D18:D22) -> 272.79 | D29: =C8 -> 99 | E29: =1-D29/C29 -> 0.63708347 | G29: Plus stojí asi třetinu toho, co běžná aplikace na výcvik psa.
A30: Trenér | B30: Pro 20 | C30: =MEDIAN(D23:D26) -> 986.895 | D30: =C10 -> 199 | E30: =1-D30/C30 -> 0.79835747 | G30: Vstupní tarif pro trenéry stojí zlomek ceny softwaru pro trenéry.
A31: Trenér | B31: Pro+ | C31: =C30 -> 986.895 | D31: =C11 -> 399 | E31: =1-D31/C31 -> 0.59570167 | G31: I nejvyšší tarif je zhruba za třetinu ceny konkurence.

Sheet Reklamy
A1: Reklamy
A2: Výnos z reklam u uživatelů zdarma, Kč za měsíc.
A4: Jak reklamy fungují • Reklamy vidí jen uživatelé zdarma. Kdo platí Plus, je klient trenéra nebo je trenér, reklamy nevidí. • Během tréninku se reklama nikdy neukáže, pes potřebuje plnou pozornost. • Banner je jen v přehledu a historii. Celoobrazovková reklama přijde až po dokončené lekci, nejvýš jednou. • Video je dobrovolné: uživatel si za něj např. zachrání sérii tréninků. • V Česku platí inzerenti za reklamu asi třetinu toho, co v zahraničí. Čím víc uživatelů ze zahraničí, tím víc reklamy vydělají.
A6: Formát | B6: Kde | C6: Zobrazení na uživatele / měs. | D6: Kč za 1 000 zobrazení – ČR | E6: Kč za 1 000 zobrazení – zahraničí
A7: Banner | B7: přehled, historie | C7: 34 | D7: 3 | E7: 10
A8: Celoobrazovková | B8: po dokončené lekci | C8: 6 | D8: 20 | E8: 70
A9: Video (dobrovolné) | B9: záchrana série | C9: 1 | D9: 45 | E9: 170
A10: Výnos na 1 uživatele zdarma | D10: =SUMPRODUCT($C$7:$C$9,D7:D9)/1000 -> 0.267 | E10: =SUMPRODUCT($C$7:$C$9,E7:E9)/1000 -> 0.93
A12: Výnos z reklam | C12: 1 500 MAU | D12: 5 000 MAU | E12: 10 000 MAU | F12: 50 000 MAU
A13: MAU | C13: ='Výpočty a citlivost'!B6 -> 1500 | D13: ='Výpočty a citlivost'!C6 -> 5000 | E13: ='Výpočty a citlivost'!D6 -> 10000 | F13: ='Výpočty a citlivost'!E6 -> 50000
A14: Podíl uživatelů ze zahraničí | B14: roste s expanzí | C14: 0.02 | D14: 0.18 | E14: 0.4 | F14: 0.7
A15: Uživatelé zdarma (podíl MAU) | B15: zbytek platí nebo je u trenéra | C15: 0.8 | D15: 0.8 | E15: 0.8 | F15: 0.8
A16: Výnos na uživatele zdarma (průměr) | C16: =(1-C14)*$D$10+C14*$E$10 -> 0.28026 | D16: =(1-D14)*$D$10+D14*$E$10 -> 0.38634 | E16: =(1-E14)*$D$10+E14*$E$10 -> 0.5322 | F16: =(1-F14)*$D$10+F14*$E$10 -> 0.7311
A17: Výnos z reklam za měsíc | C17: =ROUND(C13*C15*C16,-1) -> 340 | D17: =ROUND(D13*D15*D16,-1) -> 1550 | E17: =ROUND(E13*E15*E16,-1) -> 4260 | F17: =ROUND(F13*F15*F16,-1) -> 29240
A19: Co z toho plyne • Reklamy jsou jen malý doplněk: 1 Kč a méně za uživatele měsíčně. • Víc by vydělaly jen agresivnější reklamy během tréninku. To by ale kazilo hlavní funkci a lidi by odcházeli. • Hlavní role reklam je motivovat k přechodu na Plus („bez reklam“).

Sheet Výpočty a citlivost
A1: Výpočty a citlivost
A2: Čistý výnos v Kč za měsíc (po DPH a poplatku obchodu, před náklady).
A5: Scénář | B5: 1 500 MAU | C5: 5 000 MAU | D5: 10 000 MAU | E5: 50 000 MAU
A6: Měsíčně aktivní uživatelé (MAU) | B6: 1500 | C6: 5000 | D6: 10000 | E6: 50000
A8: Předpoklady (modré lze měnit) | B8: Hodnota | F8: Proč
A9: Kolik páníčků si koupí Plus | B9: 0.035 | F9: náš cíl; tabulka citlivosti dole ukazuje 2–5 %
A10: Kolik uživatelů si Plus může koupit | B10: 0.85 | F10: zbytek jsou klienti trenérů (plány mají zdarma) a trenéři
A11: Platící trenéři (podíl MAU) | B11: 0.005 | F11: 1 trenér na ~200 uživatelů
A12: Psí školy na 10 000 MAU | B12: 3 | F12: školy se přidávají pomalu, přes osobní prodej
A13: Kolik z ceny nám zůstane | B13: 0.7 | F13: zbytek je DPH 21 % a poplatek obchodu 15 %
A14: Kolik lidí platí ročně | B14: 0.6 | F14: roční předplatné je levnější, většina ho volí
A16: Kolik nám zůstane za měsíc | B16: Čistě | F16: Jak
A17: Za 1 předplatitele Plus | B17: =($B$14*'Ceník a konkurence'!F8/12+(1-$B$14)*'Ceník a konkurence'!C8)*$B$13 -> 55.37 | F17: průměr roční a měsíční platby × 70 %
A18: Za 1 trenéra (průměr Pro 20 a Pro+) | B18: =(0.65*($B$14*'Ceník a konkurence'!F10/12+(1-$B$14)*'Ceník a konkurence'!C10)+0.35*($B$14*'Ceník a konkurence'!F11/12+(1-$B$14)*'Ceník a konkurence'!C11))*$B$13 -> 169.47 | F18: 2 ze 3 trenérů mají Pro 20, třetina Pro+
A19: Za 1 psí školu (balíček M) | B19: ='Ceník a konkurence'!C13 -> 1090 | F19: bez DPH a bez poplatku obchodu (platí se přes web)
A21: Výnos za měsíc (základ) | B21: 1 500 MAU | C21: 5 000 MAU | D21: 10 000 MAU | E21: 50 000 MAU | F21: Vzorec
A22: Plus | B22: =ROUND(B6*$B$10*$B$9*$B$17,-1) -> 2470 | C22: =ROUND(C6*$B$10*$B$9*$B$17,-1) -> 8240 | D22: =ROUND(D6*$B$10*$B$9*$B$17,-1) -> 16470 | E22: =ROUND(E6*$B$10*$B$9*$B$17,-1) -> 82360 | F22: MAU × 85 % × konverze × čistě za Plus
A23: Trenéři | B23: =ROUND(B6*$B$11*$B$18,-1) -> 1270 | C23: =ROUND(C6*$B$11*$B$18,-1) -> 4240 | D23: =ROUND(D6*$B$11*$B$18,-1) -> 8470 | E23: =ROUND(E6*$B$11*$B$18,-1) -> 42370 | F23: MAU × 0,5 % × čistě za trenéra
A24: Psí školy | B24: =ROUNDDOWN(B6/10000*$B$12,0)*$B$19 -> 0 | C24: =ROUNDDOWN(C6/10000*$B$12,0)*$B$19 -> 1090 | D24: =ROUNDDOWN(D6/10000*$B$12,0)*$B$19 -> 3270 | E24: =ROUNDDOWN(E6/10000*$B$12,0)*$B$19 -> 16350 | F24: počet škol × cena balíčku
A25: Předplatné celkem | B25: =SUM(B22:B24) -> 3740 | C25: =SUM(C22:C24) -> 13570 | D25: =SUM(D22:D24) -> 28210 | E25: =SUM(E22:E24) -> 141080
A26: Reklamy | B26: =Reklamy!C17 -> 340 | C26: =Reklamy!D17 -> 1550 | D26: =Reklamy!E17 -> 4260 | E26: =Reklamy!F17 -> 29240 | F26: list Reklamy
A27: Celkem za měsíc | B27: =B25+B26 -> 4080 | C27: =C25+C26 -> 15120 | D27: =D25+D26 -> 32470 | E27: =E25+E26 -> 170320
A28: Celkem za rok | B28: =B27*12 -> 48960 | C28: =C27*12 -> 181440 | D28: =D27*12 -> 389640 | E28: =E27*12 -> 2043840 | F28: × 12
A30: Citlivost: výnos z předplatného za měsíc | B30: 1 500 MAU | C30: 5 000 MAU | D30: 10 000 MAU | E30: 50 000 MAU | F30: Jak číst
A31: Konverze na Plus 2,0 % | B31: =ROUND(B$6*$B$10*0.02*$B$17,-1)+B$23+B$24 -> 2680 | C31: =ROUND(C$6*$B$10*0.02*$B$17,-1)+C$23+C$24 -> 10040 | D31: =ROUND(D$6*$B$10*0.02*$B$17,-1)+D$23+D$24 -> 21150 | E31: =ROUND(E$6*$B$10*0.02*$B$17,-1)+E$23+E$24 -> 105780 | F31: Každý řádek = jiný podíl páníčků, kteří si koupí Plus. Trenéři a školy zůstávají stejní. Zvýrazněný řádek je základ.
A32: Konverze na Plus 2,5 % | B32: =ROUND(B$6*$B$10*0.025*$B$17,-1)+B$23+B$24 -> 3030 | C32: =ROUND(C$6*$B$10*0.025*$B$17,-1)+C$23+C$24 -> 11210 | D32: =ROUND(D$6*$B$10*0.025*$B$17,-1)+D$23+D$24 -> 23510 | E32: =ROUND(E$6*$B$10*0.025*$B$17,-1)+E$23+E$24 -> 117550
A33: Konverze na Plus 3,0 % | B33: =ROUND(B$6*$B$10*0.03*$B$17,-1)+B$23+B$24 -> 3390 | C33: =ROUND(C$6*$B$10*0.03*$B$17,-1)+C$23+C$24 -> 12390 | D33: =ROUND(D$6*$B$10*0.03*$B$17,-1)+D$23+D$24 -> 25860 | E33: =ROUND(E$6*$B$10*0.03*$B$17,-1)+E$23+E$24 -> 129320
A34: Konverze na Plus 3,5 % (základ) | B34: =ROUND(B$6*$B$10*0.035*$B$17,-1)+B$23+B$24 -> 3740 | C34: =ROUND(C$6*$B$10*0.035*$B$17,-1)+C$23+C$24 -> 13570 | D34: =ROUND(D$6*$B$10*0.035*$B$17,-1)+D$23+D$24 -> 28210 | E34: =ROUND(E$6*$B$10*0.035*$B$17,-1)+E$23+E$24 -> 141080
A35: Konverze na Plus 4,0 % | B35: =ROUND(B$6*$B$10*0.04*$B$17,-1)+B$23+B$24 -> 4090 | C35: =ROUND(C$6*$B$10*0.04*$B$17,-1)+C$23+C$24 -> 14740 | D35: =ROUND(D$6*$B$10*0.04*$B$17,-1)+D$23+D$24 -> 30570 | E35: =ROUND(E$6*$B$10*0.04*$B$17,-1)+E$23+E$24 -> 152850
A36: Konverze na Plus 5,0 % | B36: =ROUND(B$6*$B$10*0.05*$B$17,-1)+B$23+B$24 -> 4800 | C36: =ROUND(C$6*$B$10*0.05*$B$17,-1)+C$23+C$24 -> 17100 | D36: =ROUND(D$6*$B$10*0.05*$B$17,-1)+D$23+D$24 -> 35270 | E36: =ROUND(E$6*$B$10*0.05*$B$17,-1)+E$23+E$24 -> 176380
A38: Co z toho plyne • Předplatné tvoří přes 80 % výnosu. Nejvíc záleží na tom, kolik páníčků si koupí Plus. • Každé půl procenta konverze navíc přidá při 50 000 MAU zhruba 12 tisíc Kč měsíčně. • Trenéři vydělají zhruba polovinu toho co Plus, přitom jich je jen 0,5 %. Vyplatí se je aktivně získávat. • Čísla jsou orientační. Po spuštění v2 dosadit skutečnou konverzi (žlutá buňka) a sešit se přepočítá.
